{
    "navigate":null,
    "waitForResponse":false,
    "userInfo":{
        "authorized":false,
        "username":null,
        "password":null,
        "type":null,
        "token":null,
        "rememberme":true
    },
    "error":{
        "login":null,
        "name":null
    },
    "message":{
    },
    "newCategory":{
        "name":null
    },
    "categories":[
        {
            "id":1,
            "name":"لباس"
        },
        {
            "id":2,
            "name":"لباس  زیر"
        }
    ],
    "selectedCategory":0,
    "selectedSubCategory":null,
    "newSubCategory":{
        "name":null
    },
    "subCategories":[
        {
            "id":1,
            "categoryId":1,
            "name":"شلوار"
        }
    ],
    "properties":[
        {
            "id":1,
            "subCategoryId":1,
            "name":"برند"
        }
    ],
    "newProperty":{
    },
    "newProduct":{
        /*
        "code":"123",
        "name":"شلوار کتان ترک",
        "factorId":1,
        "categoryId":1,
        "subCategoryId":1,
        "count":1,
        "sellPrice":2000,
        "buyPrice":1500,
        "create_date_time":"10:24|2017/8/9"*/
    },
    "selectedProduct":0,
    "products":[
        {
            "code":"123",
            "factorId":1,
            "name":"شلوار کتان ترک",
            "categoryId":1,
            "subCategoryId":1,
            "count":10,
            "sellPrice":2000,
            "buyPrice":1500,
            "create_date_time":"10:24|2017/8/9"
        },
        {
            "code":"124",
            "factorId":1,
            "name":"شلوار کتان ترک",
            "categoryId":1,
            "subCategoryId":1,
            "count":1,
            "sellPrice":2000,
            "buyPrice":1500,
            "create_date_time":"10:24|2017/8/9"
        }
    ],
    "productProperty":[
        {
            "productCode":123,
            "propertyId":1,
            "value":"پوما"
        }
    ],
    "newProductProperty":[

    ],
    "newFactor":{
        /*"id":1,
        "seller":null,
        "date":null,
        "sum":0,
        "create_date_time":null*/
    },
    "factors":[
        {
            "id":1,
            "seller":"تهران",
            "date":{
                "day":12,
                "month":14,
                "year":16
            },
            "sum":15,
            "create_date_time":null
        }
    ],
    "search":{
        
    },
    "orderFactors":[
        {
            "code":1,
            "status":1, //1.factor is payed 2.factor not payed 3.factor is cancelled
            "count":1,
            "sum":1000,
            "create_date_time":{
                "year":96,
                "month":2,
                "day":18
            }
        }
    ],
    "newOrderFactor":{
        /*"code":1,
        "status":2,*/
        "count":0,
        "sum":0,
        "create_date_time":"2017/8/9"
    },
    "orders":[
        {
            "productCode":123,
            "orderFactorCode":1,
            "count":2   
        }
    ],
    "newOrders":[       
    ],
    "selectedOrderFactor":0,
    "selectedFactor":0,
    "expenses":[
        {
            "id":1,
            "title":"پول آب",
            "price":500,
            "create_date_time":"2017/8/9"
        }
    ],
    "newExpense":{
        "title":null,
        "price":null
    },
    "users":[
        
    ],
    "newUser":{

    }
}